<?xml version="1.0" encoding="UTF-8"?>
<beans xmlns="http://www.springframework.org/schema/beans"
	xmlns:xsi="http://www.w3.org/2001/XMLSchema-instance"
	xmlns:aop="http://www.springframework.org/schema/aop"
	xmlns:tx="http://www.springframework.org/schema/tx"
	xsi:schemaLocation="
    http://www.springframework.org/schema/beans http://www.springframework.org/schema/beans/spring-beans-2.5.xsd
    http://www.springframework.org/schema/tx http://www.springframework.org/schema/tx/spring-tx-2.5.xsd
    http://www.springframework.org/schema/aop http://www.springframework.org/schema/aop/spring-aop-2.5.xsd">

	<!-- ############# Service基类 ############# -->
	<bean id="smfBaseService" abstract="true" class="com.smf.platform.service.impl.SmfBaseServiceImpl">
		<property name="dao" ref="dao" />
	</bean>
	<!-- ############# PFCommonService ############# -->
	<bean id="smfCommonServiceImpl" class="com.smf.platform.service.impl.SmfCommonServiceImpl">
	</bean>

	<bean id="smfCommonService"	class="org.springframework.aop.framework.ProxyFactoryBean">
		<property name="proxyInterfaces">
			<value>com.smf.platform.service.api.SmfCommonService</value>
		</property>
		<property name="target" ref="smfCommonServiceImpl" />
	</bean>

</beans>